SET NAMES UTF8;
DROP DATABASE IF EXISTS art;
CREATE DATABASE art CHARSET=UTF8;
USE art;

/**用户信息表**/
CREATE TABLE art_user(
  uid INT PRIMARY KEY AUTO_INCREMENT,
  uname VARCHAR(32),
  upwd VARCHAR(32)
);
INSERT INTO art_user VALUES
(10, 'xiaoxiao', '123456'),
(20, 'naonao', '456789');

/**产品信息表**/
CREATE TABLE art_product(
  pid INT PRIMARY KEY AUTO_INCREMENT,
  pname VARCHAR(64),
  price FLOAT(8,2),
  pic VARCHAR(32)
);
INSERT INTO art_product VALUES
(1,'风景油画作品系列1',100,'images/art/art_1.jpg'),
(2,'风景油画作品系列2',254.00,'images/art/art_2.jpg'),
(3,'风景油画作品系列3',1000.00,'images/art/art_3.jpg'),
(4,'风景油画作品系列4',899.00,'images/art/art_4.jpg'),
(5,'风景油画作品系列5',400.00,'images/art/art_5.jpg'),
(6,'风景油画作品系列6',600.00,'images/art/art_6.jpg'),
(7,'风景油画作品系列7',320.00,'images/art/art_7.jpg'),
(8,'风景油画作品系列8',500.00,'images/art/art_8.jpg'),
(9,'水彩绘画作品系列9',120.00,'images/art/art_9.jpg'),
(10,'水彩绘画作品系列01',320.00,'images/art/art_10.jpg'),
(11,'水彩绘画作品系列02',450.00,'images/art/art_11.jpg'),
(12,'水彩绘画作品系列03',109.00,'images/art/art_12.jpg'),
(13,'水彩绘画作品系列04',419.00,'images/art/art_13.jpg'),
(14,'水彩绘画作品系列05',409.00,'images/art/art_14.jpg'),
(15,'水彩绘画作品系列06',398.00,'images/art/art_15.jpg'),
(16,'水彩绘画作品系列07',219.00,'images/art/art_16.jpg'),
(17,'水彩绘画作品系列08',2798.00,'images/art/art_17.jpg'),
(18,'油画中的女人作品系列1',1099.00,'images/art/art_18.jpg'),
(19,'油画中的女人作品系列2',3899.00,'images/art/art_19.jpg'),
(20,'油画中的女人作品系列3',299.00,'images/art/art_20.jpg'),
(21,'油画中的女人作品系列4',1799.00,'images/art/art_21.jpg'),
(22,'油画中的女人作品系列5',3188.00,'images/art/art_22.jpg'),
(23,'油画中的女人作品系列6',999.00,'images/art/art_23.jpg'),
(24,'油画中的女人作品系列7',999.00,'images/art/art_24.jpg'),
(25,'油画中的女人作品系列8',1299.00, 'images/art/art_25.jpg'),
(26,'工笔画作品系列01',688.00, 'images/art/art_26.jpg'),
(27,'工笔画作品系列02',988.00,'images/art/art_27.jpg'),
(28,'工笔画作品系列03',1299.00, 'images/art/art_28.jpg'),
(29,'工笔画作品系列04',1399.00,'images/art/art_29.jpg'),
(30,'工笔画作品系列05',2799.00, 'images/art/art_30.jpg'),
(31,'工笔画作品系列06',799.00,'images/art/art_31.jpg'),
(32,'工笔画作品系列07',2498.00, 'images/art/art_32.jpg'),
(33,'工笔画作品系列08',599.00,'images/art/art_33.jpg'),
(34,'山水风景画作品系列3',749.00,'images/art/art_34.jpg'),
(35,'山水风景画作品系列4',699.00,'images/art/art_35.jpg'),
(36,'山水风景画作品系列5',1299.00,'images/art/art_36.jpg');

/**购物车表**/
CREATE TABLE art_cart(
  cid INT PRIMARY KEY AUTO_INCREMENT,
  userId INT
);
INSERT INTO art_cart VALUES
(100, 10);

/**购物车详情表**/
CREATE TABLE art_cart_detail(
  did INT PRIMARY KEY AUTO_INCREMENT,
  cartId INT,
  productId INT,
  count INT
);
INSERT INTO art_cart_detail VALUES
(NULL, 100, 8, 2),
(NULL, 100, 15, 1),
(NULL, 100, 27, 3);

/**订单信息表**/
CREATE TABLE art_order(
  oid INT PRIMARY KEY AUTO_INCREMENT,
  rcvName VARCHAR(16),
  rcvAddr VARCHAR(64),
  rvcPhone VARCHAR(24),
  price FLOAT(8,2),     #999999.99
  payment INT,          #1表货到付款 2表支付宝支付 3京东支付  4在线支付
  status INT,           #1表待付款  2表配货中  3表运输中  4表派货中   5表订单完成  6表废单
  orderTime BIGINT,
  userId INT
);
INSERT INTO art_order VALUES
(91308000,'笑笑爸01','北京市海淀区太阳雨小区1#','13501234561','3800','1','1','1300123456781','10'),
(NULL,'笑笑妈02','杭州市海淀区太阳雨小区1#','13501234562','1200','2','2','1310123456782','10'),
(NULL,'笑笑爷03','西安市海淀区太阳雨小区1#','13501234563','800','3','3','1350123456783','10'),
(NULL,'笑笑奶04','杭州市海淀区太阳雨小区1#','13501234564','1100','4','4','1390123456784','10'),
(NULL,'笑笑弟05','杭州市海淀区太阳雨小区1#','13501234565','4500','1','5','1420123456785','10'),
(NULL,'笑笑朋友06','杭州市海淀区太阳雨小区1#','13501234565','4500','1','5','1420123456785','10'),
(NULL,'笑笑朋友07','杭州市海淀区太阳雨小区1#','13501234565','4500','1','5','1420123456785','10'),
(NULL,'笑笑弟08','上海市海淀区太阳雨小区1#','13501234565','4500','1','5','1420123456785','10'),
(NULL,'笑笑弟09','上海市海淀区太阳雨小区1#','13501234565','4500','1','5','1420123456785','10'),
(NULL,'笑笑弟10','上海市海淀区太阳雨小区1#','13501234565','4500','1','5','1420123456785','10'),
(NULL,'笑笑弟11','北京市海淀区太阳雨小区1#','13501234565','4500','1','5','1420123456785','10'),
(NULL,'笑笑弟12','北京市海淀区太阳雨小区1#','13501234565','4500','1','5','1420123456785','10'),
(NULL,'笑笑弟13','天津市海淀区太阳雨小区1#','13501234565','4500','1','5','1420123456785','10'),
(NULL,'笑笑弟14','北京市海淀区太阳雨小区1#','13501234565','4500','1','5','1420123456785','10'),
(NULL,'笑笑朋友15','北京市海淀区太阳雨小区1#','13501234565','4500','1','5','1420123456785','10'),
(NULL,'笑笑16','北京市海淀区太阳雨小区1#','13501234565','4500','1','5','1420123456785','10'),
(NULL,'笑笑弟17','广州市太阳雨小区1#','13501234565','4500','1','5','1420123456785','10'),
(NULL,'笑笑弟18','青岛市云南路小区1#','13501234565','4500','1','5','1420123456785','10'),
(NULL,'笑笑弟19','北京市海淀区太阳雨小区1#','13501234565','4500','1','5','1420123456785','10'),
(NULL,'笑笑姐20','海南三亚区太阳雨小区1#','13501234565','4500','1','5','1420123456785','10'),
(NULL,'笑笑弟21','北京市海淀区太阳雨小区1#','13501234565','4500','1','5','1420123456785','10'),
(NULL,'笑笑姥姥22','北京市海淀区太阳雨小区1#','13501234565','4500','1','5','1420123456785','10'),
(NULL,'笑笑婶婶23','北京市海淀区太阳雨小区1#','13501234565','4500','1','5','1420123456785','10');

/**订单详情表**/
CREATE TABLE art_order_detail (
  did INT PRIMARY KEY AUTO_INCREMENT,
  orderId INT,
  productId INT,
  count INT
);
INSERT INTO art_order_detail VALUES
(NULL, 91308000, 15,  2),
(NULL, 91308000, 8,  1),
(NULL, 91308000, 22,  3),
(NULL, 91308001, 3,  1),
(NULL, 91308001, 15,  3),
(NULL, 91308002, 18,  2),
(NULL, 91308003, 30,  1),
(NULL, 91308003, 28,  2),
(NULL, 91308003, 11,  3),
(NULL, 91308004, 15,  3),
(NULL, 91308004, 11,  1),
(NULL, 91308005, 11,  1),
(NULL, 91308005, 21,  1),
(NULL, 91308006, 11,  1),
(NULL, 91308007, 11,  1),
(NULL, 91308008, 21,  1),
(NULL, 91308008, 22,  1),
(NULL, 91308008, 23,  1),
(NULL, 91308009, 11,  1),
(NULL, 91308010, 1,  1),
(NULL, 91308010, 31,  1),
(NULL, 91308011, 11,  1),
(NULL, 91308012, 11,  1),
(NULL, 91308013, 11,  1),
(NULL, 91308014, 17,  1),
(NULL, 91308014, 31,  1),
(NULL, 91308015, 11,  1),
(NULL, 91308016, 11,  1),
(NULL, 91308017, 3,  1),
(NULL, 91308017, 2,  1),
(NULL, 91308017, 5,  1),
(NULL, 91308018, 11,  1),
(NULL, 91308019, 11,  1),
(NULL, 91308019, 8,  1),
(NULL, 91308020, 11,  1),
(NULL, 91308021, 11,  1),
(NULL, 91308021, 11,  1),
(NULL, 91308022, 9,  1),
(NULL, 91308022, 22,  1),
(NULL, 91308022, 23,  1);

/**抽奖记录表**/
CREATE TABLE art_lottery(
  lid INT PRIMARY KEY AUTO_INCREMENT,
  userId INT,
  lotteryTime BIGINT,
  level INT      #1表一等奖 ....
);
INSERT INTO art_lottery VALUES
(NULL, 10, 1401234567890, 3),
(NULL, 10, 1411234567890, 2),
(NULL, 10, 1421234567890, 4);




















